date,venue_id,race_no,rank,car_no,age,pref,grade,diff,last_time,finishing,s,b,line_id,line_pos,snum,name_kanji
20211023,21,1,1,8,26,福井県,S級2班,,11.5,捲くり,,,5,1,15362,脇本　勇希
20211023,21,1,2,3,52,岐阜県,S級1班,３　　車身,11.8,差し,,,4,2,12596,志智　俊夫
20211023,21,1,3,5,40,熊本県,S級1班,２　　車身,11.8,,,,3,1,14122,松岡　貴久
20211023,21,1,4,1,41,山梨県,S級2班,２　　車身,12.4,,,,1,2,14076,志村　太賀
20211023,21,1,5,9,30,群馬県,S級2班,３／４車輪,12.6,,,B,1,1,15162,蕗澤鴻太郎
20211023,21,1,6,6,30,山口県,S級1班,１／２車輪,12.3,,,,6,1,15195,久保田泰弘
20211023,21,1,7,4,35,三重県,S級2班,３　　車身,12.7,,,,4,1,15002,神田　　龍
20211023,21,1,失,2,46,京都府,S級1班,,,,,,5,2,13791,村上　博幸
20211023,21,1,落,7,47,静岡県,S級2班,,,,,,2,1,13328,萩原　孝之
20211023,21,2,1,6,39,神奈川県,S級1班,,11.7,差し,,,1,2,14935,嶋津　拓弥
20211023,21,2,2,8,35,福井県,S級2班,１／２車身,11.7,マーク,,,4,1,15183,小森　貴大
20211023,21,2,3,9,40,福岡県,S級1班,１／２車輪,11.5,,,,3,2,14112,小川　勇介
20211023,21,2,4,5,49,愛知県,A級1班,１／２車身,11.7,,,,2,2,12972,金子　貴志
20211023,21,2,5,1,37,岐阜県,S級2班,タイヤ差,12.0,,S,B,2,1,14752,竹内　雄作
20211023,21,2,6,7,41,大分県,S級1班,３／４車輪,11.5,,,,3,3,14117,小岩　大介
20211023,21,2,7,2,25,香川県,S級1班,１車身１／２,11.9,,,,3,1,15465,石原　　颯
20211023,21,2,8,3,39,和歌山県,S級2班,３　　車身,11.8,,,,4,2,14318,椎木尾拓哉
20211023,21,2,9,4,28,静岡県,A級1班,大差,13.5,,,,1,1,15176,望月　一成
20211023,21,3,1,7,34,和歌山県,S級1班,,11.7,捲くり,,,1,1,15058,中西　　大
20211023,21,3,2,2,24,長野県,S級1班,３／４車身,11.7,マーク,,,2,1,15412,菊池　岳仁
20211023,21,3,3,5,43,大阪府,S級1班,３／４車輪,11.6,,,,1,3,13962,南　　修二
20211023,21,3,4,9,,,,１車身１／２,11.5,,,,2,2,,神山雄一郎
20211023,21,3,5,1,47,兵庫県,S級2班,１／４車輪,11.8,,,,1,2,13878,松岡　健介
20211023,21,3,6,4,36,熊本県,S級2班,３／４車輪,11.5,,,,4,1,14421,松川　高大
20211023,21,3,7,6,42,福岡県,S級2班,３／４車輪,11.4,,,,4,2,14264,松尾信太郎
20211023,21,3,8,8,53,愛知県,S級2班,３　　車身,12.2,,,,3,2,12592,水谷　良和
20211023,21,3,9,3,31,岐阜県,S級1班,３　　車身,12.8,,,B,3,1,14977,川口　聖二
20211023,21,4,1,7,37,京都府,S級1班,,11.3,差し,,,3,1,14317,山田　久徳
20211023,21,4,2,5,40,愛媛県,S級1班,１／２車身,11.2,マーク,,,1,2,14038,橋本　　強
20211023,21,4,3,9,30,岡山県,S級1班,１／８車輪,11.5,,,B,1,1,15061,取鳥　雄吾
20211023,21,4,4,3,38,熊本県,S級1班,３／４車輪,11.1,,,,2,1,14635,中本　匠栄
20211023,21,4,5,8,33,山梨県,S級1班,３／４車輪,11.2,,,,4,1,15093,末木　浩二
20211023,21,4,6,4,45,愛知県,S級1班,１／２車身,11.0,,,,3,3,13637,笠松　信幸
20211023,21,4,7,1,45,愛媛県,S級1班,１車身１／２,11.2,,,,1,3,13656,渡部　哲男
20211023,21,4,8,2,42,奈良県,S級1班,タイヤ差,11.5,,,,3,2,14886,山本　伸一
20211023,21,4,9,6,41,熊本県,S級2班,１車身１／２,11.3,,,,2,2,14692,森山　智徳
20211023,21,5,1,9,36,千葉県,S級1班,,11.8,逃げ,,B,1,1,14380,根田　空史
20211023,21,5,2,1,43,静岡県,S級1班,１／４車輪,11.7,マーク,,,1,2,13772,岡村　　潤
20211023,21,5,3,2,47,岡山県,S級1班,５　　車身,11.4,,,,4,3,13291,三宅　達也
20211023,21,5,4,5,46,岡山県,S級1班,３／４車輪,11.5,,,,4,2,13963,柏野　智典
20211023,21,5,5,8,30,群馬県,S級1班,微差,11.3,,,,2,2,15243,小林　泰正
20211023,21,5,6,6,30,徳島県,S級1班,１／２車身,11.7,,,,4,1,15122,島川　将貴
20211023,21,5,7,3,30,栃木県,S級1班,１／８車輪,11.6,,,,2,1,15341,坂井　　洋
20211023,21,5,8,7,38,大阪府,S級1班,１／２車身,11.2,,S,,3,2,14837,神田　紘輔
20211023,21,5,9,4,42,三重県,S級1班,１／４車輪,11.3,,,,3,1,15179,皿屋　　豊
20211023,21,6,1,8,35,山口県,S級2班,,11.5,差し,,,4,4,14551,山下　一輝
20211023,21,6,2,5,43,徳島県,S級1班,１　　車輪,11.6,差し,,,4,2,14105,阿竹　智史
20211023,21,6,3,7,49,徳島県,S級2班,１／２車輪,11.6,,,,4,3,12987,堤　　　洋
20211023,21,6,4,2,33,徳島県,S級2班,１／４車輪,11.8,,,B,4,1,14846,久米　康平
20211023,21,6,5,6,34,京都府,S級2班,１／２車輪,11.4,,,,2,1,15004,畑段　嵐士
20211023,21,6,6,1,42,岩手県,S級1班,３／４車身,11.6,,,,3,2,13904,佐藤　友和
20211023,21,6,7,3,41,千葉県,S級2班,３　　車身,11.9,,,,1,2,14080,近藤　隆司
20211023,21,6,8,9,36,青森県,S級1班,１車身１／２,12.0,,,,3,1,14348,坂本　貴史
20211023,21,6,9,4,42,千葉県,S級1班,３　　車身,12.5,,,,1,1,15169,野口　裕史
20211023,21,7,1,2,48,福島県,S級1班,,12.0,差し,S,,1,2,13162,佐藤慎太郎
20211023,21,7,2,4,39,青森県,S級1班,３／４車身,11.9,マーク,,,1,3,14127,永澤　　剛
20211023,21,7,3,7,49,徳島県,S級1班,１／２車輪,11.6,,,,2,2,13140,小倉　竜二
20211023,21,7,4,9,35,栃木県,S級1班,３／４車輪,12.2,,,B,1,1,14507,長島　大介
20211023,21,7,5,6,47,長崎県,S級1班,３／４車身,11.5,,,,4,1,13516,荒井　崇博
20211023,21,7,6,1,43,岡山県,S級1班,タイヤ差,11.6,,,,2,3,13880,岩津　裕介
20211023,21,7,7,3,30,静岡県,S級2班,３／４車輪,11.8,,,,3,2,14995,渡邉　雄太
20211023,21,7,8,5,41,千葉県,S級S班,１／２車輪,11.9,,,,3,1,14377,岩本　俊介
20211023,21,7,9,8,32,徳島県,S級1班,２　　車身,11.7,,,,2,1,15063,小川真太郎
20211023,21,8,1,7,40,千葉県,S級2班,,11.6,差し,,,1,2,14239,鈴木　　裕
20211023,21,8,2,5,36,神奈川県,S級1班,１／２車身,11.5,マーク,,,1,3,14462,小原　太樹
20211023,21,8,3,2,35,静岡県,S級1班,１／２車輪,11.8,,,B,1,1,14534,深谷　知広
20211023,21,8,4,4,31,三重県,S級1班,３／４車身,11.2,,,,4,1,14940,谷口　遼平
20211023,21,8,5,8,48,徳島県,S級1班,１／４車輪,11.4,,,,3,3,13804,湊　　聖二
20211023,21,8,6,6,31,岐阜県,S級1班,３／４車輪,11.1,,,,4,2,14939,長尾　拳太
20211023,21,8,7,1,47,京都府,S級1班,１／４車輪,11.5,,,,3,2,13790,稲垣　裕之
20211023,21,8,8,3,43,北海道,S級1班,１　　車身,11.4,,,,2,1,13900,大森　慶一
20211023,21,8,9,9,37,奈良県,S級1班,２　　車身,12.0,,,,3,1,14873,三谷　竜生
20211023,21,9,1,9,29,岐阜県,S級1班,,11.0,捲くり,,,4,1,15451,山口　拳矢
20211023,21,9,2,2,50,香川県,S級1班,２　　車身,11.2,マーク,,,4,2,13059,香川　雄介
20211023,21,9,3,1,43,福岡県,S級1班,２　　車身,11.6,,,,3,2,13894,園田　　匠
20211023,21,9,4,5,39,宮城県,S級1班,３／４車身,11.5,,,,2,1,14210,和田　　圭
20211023,21,9,5,7,42,佐賀県,S級1班,１／２車身,11.8,,,B,3,1,14047,山田　英明
20211023,21,9,6,4,48,愛知県,A級2班,１　　車身,11.4,,S,,4,3,13264,山中　貴雄
20211023,21,9,6,4,42,高知県,S級2班,１　　車身,11.4,,S,,4,3,14108,山中　貴雄
20211023,21,9,7,3,42,神奈川県,S級1班,３／４車身,11.9,,,,1,2,14524,松谷　秀幸
20211023,21,9,8,8,51,静岡県,S級2班,１　　車身,11.8,,,,1,3,12887,新田　康仁
20211023,21,9,9,6,35,神奈川県,S級1班,大差,13.9,,,,1,1,15050,堀内　俊介
20211023,21,10,1,8,39,宮城県,S級1班,,11.2,差し,S,,1,2,14129,菅田　壱道
20211023,21,10,2,1,39,福島県,S級1班,１／２車輪,11.4,捲くり,,B,1,1,14054,新田　祐大
20211023,21,10,3,2,30,茨城県,S級1班,３／４車身,11.4,,,,2,1,15039,吉田　拓矢
20211023,21,10,4,7,40,群馬県,S級1班,１／４車輪,11.3,,,,2,2,14222,木暮　安由
20211023,21,10,5,5,40,三重県,S級1班,１／２車身,11.1,,,,3,1,14089,浅井　康太
20211023,21,10,6,4,44,徳島県,S級2班,１／４車輪,11.0,,,,4,3,13741,高原　仁志
20211023,21,10,7,3,30,山口県,S級S班,２　　車身,11.4,,,,4,1,15009,清水　裕友
20211023,21,10,8,9,37,三重県,S級2班,タイヤ差,11.2,,,,3,2,14472,坂口　晃輔
20211023,21,10,9,6,34,徳島県,S級1班,４　　車身,11.7,,,,4,2,14682,原田研太朗
20211023,21,11,1,3,31,青森県,S級S班,,11.5,逃げ,,B,1,1,15034,新山　響平
20211023,21,11,2,8,45,宮城県,S級1班,１／２車輪,11.4,マーク,,,1,2,13673,大槻　寛徳
20211023,21,11,3,7,37,佐賀県,S級1班,１／４車輪,11.2,,,,5,2,14417,山田　庸平
20211023,21,11,4,9,34,大阪府,S級S班,１　　車輪,11.1,,,,4,1,14838,古性　優作
20211023,21,11,5,2,45,和歌山県,S級1班,３／４車輪,11.1,,S,,4,2,13730,東口　善朋
20211023,21,11,6,6,35,栃木県,S級1班,１／４車輪,11.3,,,,2,1,14505,雨谷　一樹
20211023,21,11,7,1,43,千葉県,S級1班,１／８車輪,10.9,,,,3,2,13851,和田健太郎
20211023,21,11,8,5,34,神奈川県,S級S班,１　　車身,11.2,,,,3,1,14741,郡司　浩平
20211023,21,11,9,4,45,熊本県,S級1班,大差,12.9,,,,5,1,13745,中川誠一郎
20211023,21,12,1,1,42,埼玉県,S級S班,,11.5,捲くり,,B,2,1,13841,平原　康多
20211023,21,12,2,5,47,新潟県,S級1班,３／４車輪,11.4,マーク,,,2,2,13249,諸橋　　愛
20211023,21,12,3,9,,,,３／４車身,11.3,,,,1,1,,野原　雅也
20211023,21,12,4,3,40,兵庫県,S級2班,１／２車身,11.1,,,,1,3,14103,村田　雅一
20211023,21,12,5,4,,,,１／２車身,11.3,,,,1,2,,村上　義弘
20211023,21,12,6,6,49,福島県,S級1班,１／２車身,11.0,,,,4,2,12939,伏見　俊昭
20211023,21,12,7,7,34,広島県,S級1班,１車身１／２,11.7,,,,3,2,14681,松浦　悠士
20211023,21,12,8,2,29,徳島県,S級2班,３／４車身,11.8,,S,,3,1,15121,太田　竜馬
20211023,21,12,9,8,41,福島県,S級1班,大差,13.0,,,,4,1,13921,渡邉　一成
20211023,27,1,1,4,43,静岡県,A級2班,,11.9,差し,,,2,2,13857,浅沼　聖士
20211023,27,1,2,2,31,千葉県,A級1班,１車身１／２,12.1,差し,,,2,1,15258,栗本　尚宗
20211023,27,1,3,3,44,茨城県,A級2班,１／２車身,12.6,,,,1,2,14056,橋本　紀彰
20211023,27,1,4,1,41,東京都,A級2班,１／４車輪,12.7,,S,B,1,1,14366,阿久津浩之
20211023,27,1,5,5,46,神奈川県,A級3班,１／２車輪,11.9,,,,2,3,13706,對馬　太陽
20211023,27,1,6,6,50,栃木県,A級3班,３　　車身,12.7,,,,1,3,12862,松岡　慶彦
20211023,27,2,1,2,39,栃木県,A級3班,,12.5,差し,,,1,2,14808,村上　貴彦
20211023,27,2,2,5,43,栃木県,S級2班,１　　車輪,12.6,逃げ,,B,1,1,14142,矢野　昌彦
20211023,27,2,3,4,37,愛知県,A級1班,３／４車身,12.3,,,,2,1,15266,福田　真平
20211023,27,2,4,6,51,東京都,A級3班,１／８車輪,12.4,,,,1,3,13023,吉田　英二
20211023,27,2,5,1,49,大阪府,A級2班,１／２車輪,12.2,,,,2,2,12981,片山　弘城
20211023,27,2,6,7,49,千葉県,A級2班,１　　車輪,12.0,,,,3,2,14737,河上　陽一
20211023,27,2,7,3,31,静岡県,A級3班,大差,14.3,,,,3,1,15175,桜井　大地
20211023,27,3,1,2,31,埼玉県,S級2班,,12.5,逃げ,,B,1,1,15344,荒木　貴大
20211023,27,3,2,3,50,宮城県,A級1班,３／４車輪,12.1,差し,S,,3,1,13233,小松　剛之
20211023,27,3,3,5,35,神奈川県,A級1班,タイヤ差,11.9,,,,2,1,14520,伊藤　彰規
20211023,27,3,4,4,38,青森県,A級1班,１／２車身,11.9,,,,3,2,14204,大崎　和也
20211023,27,3,5,7,38,東京都,A級1班,１　　車輪,12.5,,,,1,2,14586,近藤　寛央
20211023,27,3,6,1,50,静岡県,A級1班,３／４車輪,11.8,,,,2,2,12889,丸山　啓一
20211023,27,3,7,6,35,愛知県,A級2班,大差,12.1,,,,4,1,14533,加藤　正法
20211023,27,4,1,3,30,静岡県,S級2班,,11.3,捲くり,,B,3,1,15173,格清　洋介
20211023,27,4,2,4,42,石川県,S級2班,２　　車身,11.3,捲くり,,,1,1,14177,小堺　浩二
20211023,27,4,3,2,41,茨城県,S級2班,３／４車身,11.5,,S,,2,2,14286,関　　貴之
20211023,27,4,4,1,49,石川県,A級1班,１車身１／２,11.5,,,,1,2,13121,山田　晃久
20211023,27,4,5,7,48,神奈川県,A級1班,１　　車輪,11.7,,,,3,2,13469,野村　純宏
20211023,27,4,6,5,48,埼玉県,A級1班,１車身１／２,11.7,,,,2,3,13555,台　　和紀
20211023,27,4,7,6,41,埼玉県,A級1班,７　　車身,12.7,,,,2,1,14139,小田倉勇二
20211023,27,5,1,1,24,埼玉県,S級2班,,11.4,捲くり,S,,1,1,15426,太田　龍希
20211023,27,5,2,7,44,東京都,S級2班,３／４車身,11.3,マーク,,,1,2,14372,内田　玄希
20211023,27,5,3,4,57,大阪府,A級1班,７　　車身,12.0,,,,2,2,11634,中澤　央治
20211023,27,5,4,2,43,大阪府,A級2班,１／８車輪,12.1,,,B,2,1,15187,鮫島　康治
20211023,27,5,5,3,34,北海道,A級2班,１車身１／２,12.1,,,,3,1,14980,田原　宥明
20211023,27,5,6,6,42,福島県,A級2班,３／４車輪,12.0,,,,3,2,13916,白石　大輔
20211023,27,5,7,5,50,茨城県,A級2班,大差,12.8,,,,1,3,12940,小室　貴広
20211023,27,6,1,4,50,静岡県,S級2班,,11.6,差し,,,3,2,12886,中井　達郎
20211023,27,6,2,3,36,神奈川県,A級1班,３／４車輪,11.8,逃げ,,B,3,1,14867,巴　　直也
20211023,27,6,3,2,54,福島県,A級1班,１　　車輪,11.5,,,,2,1,12261,岡部　芳幸
20211023,27,6,4,5,49,東京都,A級2班,３／４車身,11.3,,,,1,2,13461,市川　健太
20211023,27,6,5,1,28,東京都,A級2班,１／２車身,11.6,,S,,1,1,15255,樋口　開土
20211023,27,7,1,6,28,静岡県,A級2班,,11.7,差し,,,3,1,15264,渡邉　直弥
20211023,27,7,2,5,41,茨城県,A級1班,１　　車身,12.0,逃げ,,B,2,1,14859,小林　申太
20211023,27,7,3,1,45,青森県,A級1班,３／４車身,11.6,,,,1,2,13601,工藤　政志
20211023,27,7,4,3,54,静岡県,A級3班,１／２車輪,11.7,,,,3,2,12202,望月裕一郎
20211023,27,7,5,2,41,茨城県,S級2班,タイヤ差,12.0,,,,2,2,14723,石川　裕二
20211023,27,7,6,4,30,岩手県,S級2班,５　　車身,12.5,,S,,1,1,15325,後藤　　悠
20211023,27,8,1,1,41,千葉県,S級2班,,11.6,捲くり,,,1,1,14378,加賀山　淳
20211023,27,8,2,5,42,千葉県,A級1班,３／４車輪,11.5,マーク,,,1,2,14082,高橋　雅之
20211023,27,8,3,4,33,埼玉県,S級2班,タイヤ差,11.9,,,B,3,1,14811,笠松　将太
20211023,27,8,4,2,35,栃木県,S級2班,微差,11.7,,,,3,2,14506,磯田　　旭
20211023,27,8,5,3,46,福島県,S級2班,３／４車身,11.6,,,,2,1,13912,金成　和幸
20211023,27,8,6,7,45,群馬県,S級2班,タイヤ差,11.7,,,,3,3,13618,櫻井　　学
20211023,27,8,7,6,43,静岡県,A級3班,１車身１／２,11.6,,S,,1,3,13860,藤原　清隆
20211023,27,9,1,4,46,神奈川県,S級2班,,11.4,差し,,,3,1,13852,五十嵐　力
20211023,27,9,2,1,26,東京都,S級2班,１／２車輪,11.5,逃げ,,B,1,1,15346,鈴木　　薫
20211023,27,9,3,2,42,神奈川県,S級2班,１／８車輪,11.3,,,,3,2,14302,武田　憲祐
20211023,27,9,4,3,44,青森県,A級1班,２　　車身,11.3,,,,1,3,13984,栗林　　巧
20211023,27,9,5,7,52,千葉県,S級2班,１／２車身,11.5,,,,3,3,12728,飯田　辰哉
20211023,27,9,6,5,43,宮城県,S級2班,１車身１／２,11.4,,,,2,1,13827,佐藤　雅彦
20211023,27,9,7,6,43,東京都,S級2班,大差,13.2,,S,,1,2,14163,内田　英介
20211023,27,10,1,2,34,宮城県,S級2班,,11.7,捲くり,,,2,1,15035,阿部　拓真
20211023,27,10,2,1,37,岡山県,S級1班,３／４車輪,11.5,捲くり,,,1,1,15040,隅田　洋介
20211023,27,10,3,5,45,北海道,S級2班,１／８車輪,11.6,,,,2,2,13978,菊地　圭尚
20211023,27,10,4,6,33,東京都,A級1班,３／４車身,11.4,,S,,1,2,15165,寺沼　将彦
20211023,27,10,5,3,35,神奈川県,S級2班,１車身１／２,11.8,,,,3,2,14523,東　龍之介
20211023,27,10,6,7,33,千葉県,S級2班,１車身１／２,11.9,,,,3,3,14817,佐藤　　壮
20211023,27,10,7,4,30,神奈川県,S級1班,３　　車身,12.6,,,B,3,1,15436,青野　将大
20211023,27,11,1,1,39,千葉県,A級1班,,11.7,差し,S,,1,2,14081,田中　晴基
20211023,27,11,2,4,29,静岡県,S級1班,１／４車輪,11.8,捲くり,,B,1,1,15096,大石　剣士
20211023,27,11,3,7,47,群馬県,S級2班,１／４車輪,11.4,,,,3,2,13240,小林　大介
20211023,27,11,4,3,36,埼玉県,S級1班,１／２車身,11.5,,,,3,1,14370,阿部　大樹
20211023,27,11,5,6,50,青森県,A級1班,４　　車身,11.9,,,,2,2,13230,開坂　秀明
20211023,27,11,6,2,34,福島県,S級2班,１　　車身,12.3,,,,2,1,14800,伊東　翔貴
20211023,27,11,7,5,48,千葉県,S級2班,６　　車身,12.3,,,,1,3,13628,石毛　克幸
20211023,27,12,1,2,38,栃木県,S級1班,,11.5,捲くり,,,2,1,14140,神山　拓弥
20211023,27,12,2,5,28,静岡県,A級2班,１／２車身,11.6,差し,,,3,2,15174,菊池竣太朗
20211023,27,12,3,6,46,埼玉県,S級2班,１車身１／２,11.5,,,,2,3,13762,吉田　勇人
20211023,27,12,4,4,48,埼玉県,A級1班,１車身１／２,11.8,,,,2,2,13242,尾崎　　剛
20211023,27,12,5,1,36,福島県,S級2班,１／２車輪,11.5,,S,,1,2,14358,須永　優太
20211023,27,12,6,7,45,福島県,S級1班,３／４車身,11.7,,,,1,1,13920,山崎　芳仁
20211023,27,12,7,3,34,神奈川県,S級1班,大差,13.1,,,B,3,1,15049,菅原　大也
20211023,31,1,1,5,,,,,10.4,差し,S,,2,1,,鈴木　　浩
20211023,31,1,2,2,,,,１／２車身,10.4,マーク,,,2,2,,原野　　隆
20211023,31,1,3,1,50,神奈川県,A級3班,１　　車輪,10.3,,,,1,2,13109,志村　正洋
20211023,31,1,4,4,42,福島県,A級3班,１　　車身,10.8,,,B,1,1,14213,岡田　哲夫
20211023,31,1,5,3,,,,１　　車輪,10.2,,,,2,3,,鈴木　祥高
20211023,31,2,1,2,,,,,11.1,逃げ,,B,1,1,,善方　政美
20211023,31,2,2,3,41,群馬県,A級3班,３／４車身,11.0,マーク,S,,2,1,14446,菅藤　　智
20211023,31,2,3,1,,,,１　　車身,10.9,,,,2,2,,大河原和彦
20211023,31,2,4,5,,,,１車身１／２,10.9,,,,3,1,,酒井　　実
20211023,31,2,失,4,57,北海道,A級3班,,,,,,1,2,12063,椿　　佳友
20211023,31,3,1,5,,,,,10.9,逃げ,,B,2,1,,村上　　皇
20211023,31,3,2,1,52,宮城県,A級3班,１／２車輪,10.8,マーク,,,2,2,12858,亀井　宏佳
20211023,31,3,3,6,,,,１　　車身,10.8,,,,3,1,,吉田輪太郎
20211023,31,3,4,2,50,千葉県,A級3班,１　　車身,10.8,,S,,3,2,13415,山崎　明寛
20211023,31,3,5,3,,,,３／４車身,10.7,,,,1,2,,市倉　孝良
20211023,31,3,6,4,30,茨城県,A級3班,３　　車身,11.3,,,,1,1,15419,黒滝　大翔
20211023,31,4,1,3,47,福島県,A級2班,,10.6,捲くり,,,1,4,14282,石川　恭規
20211023,31,4,2,1,36,千葉県,A級3班,１　　車身,11.3,逃げ,S,B,1,1,14379,角口　聖也
20211023,31,4,3,6,,,,６　　車身,11.1,,,,1,3,,福間　　力
20211023,31,4,4,2,38,新潟県,A級2班,１／４車輪,10.9,,,,2,2,14158,本間　慎吾
20211023,31,4,5,5,44,宮城県,A級3班,１車身１／２,10.9,,,,1,5,13753,阿部　　晃
20211023,31,4,6,4,37,新潟県,A級3班,３　　車身,11.5,,,,2,1,14376,保科　圭太
20211023,31,4,7,7,,,,大差,,,,,1,2,,石渡　英樹
20211023,31,5,1,5,37,東京都,L級1班,,11.3,逃げ,,B,1,1,14962,石井　貴子
20211023,31,5,1,5,35,千葉県,L級1班,,11.3,逃げ,,B,1,1,15023,石井　貴子
20211023,31,5,2,7,29,福島県,L級1班,１　　車身,11.2,差し,,,7,1,15134,藤巻絵里佳
20211023,31,5,3,6,24,千葉県,L級1班,微差,11.3,,S,,6,1,15581,刈込　奈那
20211023,31,5,4,2,27,埼玉県,L級1班,１／２車身,10.9,,,,3,1,15579,川路　遥香
20211023,31,5,5,4,23,福岡県,L級1班,１／２車身,11.2,,,,5,1,15577,本多　　優
20211023,31,5,6,1,44,新潟県,L級1班,１／４車輪,10.9,,,,2,1,14908,藤原亜衣里
20211023,31,5,7,3,,,,６　　車身,11.2,,,,4,1,,田中麻衣美
20211023,31,6,1,5,29,北海道,A級2班,,10.1,捲くり,,B,1,1,15293,中里福太郎
20211023,31,6,2,3,49,北海道,A級3班,１　　車身,10.1,マーク,,,1,2,13521,中野　　良
20211023,31,6,3,4,48,栃木県,A級3班,１車身１／２,9.9,,,,2,1,13399,塚本　勝士
20211023,31,6,4,1,,,,３／４車身,9.9,,S,,2,2,,井上　善裕
20211023,31,6,5,2,46,神奈川県,A級2班,大差,,,,,3,1,13768,旭　　啓介
20211023,31,7,1,5,43,大阪府,A級2班,,11.0,逃げ,S,B,1,1,14820,中井　勇介
20211023,31,7,2,3,53,千葉県,A級2班,１／２車輪,10.8,差し,,,1,3,12432,石井　　孝
20211023,31,7,3,1,48,千葉県,A級2班,３／４車輪,10.9,,,,1,2,13413,鶴岡　與之
20211023,31,7,4,4,49,秋田県,A級2班,１車身１／２,10.8,,,,3,1,12934,煤賀　隆幸
20211023,31,7,5,2,39,栃木県,A級2班,１車身１／２,10.7,,,,2,2,14058,佐藤　　謙
20211023,31,7,6,6,25,栃木県,A級3班,４　　車身,11.2,,,,2,1,15425,藤野　竜也
20211023,31,8,1,4,32,静岡県,A級1班,,9.8,捲くり,,,4,1,15531,深瀬　泰我
20211023,31,8,2,3,27,埼玉県,S級2班,１　　車輪,10.0,捲くり,,,1,1,15520,桑名　僚也
20211023,31,8,3,2,30,北海道,A級2班,１　　車身,10.1,,,,3,1,15505,荻原　寿嗣
20211023,31,8,4,1,28,千葉県,S級2班,２　　車身,10.3,,,B,2,1,15525,鈴木　浩太
20211023,31,8,5,7,,,,１／４車輪,9.9,,,,1,2,,菊地　大輔
20211023,31,8,6,6,48,群馬県,A級3班,１車身１／２,9.9,,S,,5,1,13456,小林　和彦
20211023,31,8,7,5,58,静岡県,A級3班,９　　車身,10.6,,,,4,2,11367,石川　一浩
20211023,31,9,1,1,39,千葉県,A級2班,,10.1,捲くり,,,1,1,14297,田中　勝仁
20211023,31,9,2,4,35,千葉県,A級2班,３／４車輪,10.1,マーク,,,1,2,14821,原岡泰志郎
20211023,31,9,3,2,41,大阪府,A級1班,２　　車身,10.3,,,,2,3,14180,坂本　匡洋
20211023,31,9,4,6,34,三重県,A級2班,３　　車身,10.7,,,,2,1,15360,勝谷　勝治
20211023,31,9,5,7,40,大阪府,A級1班,１／２車輪,10.6,,,,2,2,14098,菊谷　信一
20211023,31,9,6,3,32,宮城県,A級1班,１／２車身,10.9,,S,B,3,1,15084,菅田　謙仁
20211023,31,9,7,5,47,宮城県,A級2班,１／２車身,10.9,,,,3,2,13384,金子　兼久
20211023,31,10,1,1,35,大阪府,A級1班,,10.0,捲くり,S,,1,1,15114,谷口　友真
20211023,31,10,2,4,47,茨城県,A級2班,３　　車身,10.3,差し,,,2,2,13311,根本　雄紀
20211023,31,10,3,2,38,東京都,A級1班,１／４車輪,10.4,,,B,2,1,14514,古川　宗行
20211023,31,10,4,6,42,青森県,A級1班,３／４車身,10.3,,,,3,2,13902,岩崎　将士
20211023,31,10,5,7,47,岐阜県,A級1班,１／２車輪,10.2,,,,1,2,13479,田中　秀治
20211023,31,10,6,5,52,三重県,A級3班,５　　車身,10.4,,,,1,3,13272,古田　義明
20211023,31,10,7,3,31,秋田県,A級1班,９　　車身,11.1,,,,3,1,15157,高橋　大輝
20211023,31,11,1,1,30,静岡県,L級1班,,10.6,捲くり,,,2,1,15220,鈴木　美教
20211023,31,11,2,7,32,東京都,L級1班,１／８車輪,10.5,マーク,,,5,1,14900,小林　莉子
20211023,31,11,3,5,25,愛知県,L級1班,３／４車身,10.9,,S,,1,1,15492,永禮　美瑠
20211023,31,11,4,6,29,茨城県,L級1班,タイヤ差,11.0,,,B,7,1,15395,岩崎ゆみこ
20211023,31,11,5,4,28,愛知県,L級1班,３／４車身,10.5,,,,6,1,15222,高橋　智香
20211023,31,11,6,2,31,栃木県,L級1班,３／４車身,10.9,,,,3,1,15017,青木　美優
20211023,31,11,7,3,28,愛知県,L級1班,１／２車身,10.6,,,,4,1,15223,中西　叶美
20211023,31,12,1,7,39,埼玉県,S級2班,,10.0,捲くり,,,1,3,14230,山田　義彦
20211023,31,12,2,6,31,神奈川県,S級1班,１　　車身,10.5,逃げ,,B,3,1,15528,新村　　穣
20211023,31,12,3,2,38,福島県,S級2班,４　　車身,10.4,,,,2,1,14137,房州　輝也
20211023,31,12,4,5,,,,１　　車輪,10.6,,,,4,1,,竹内　公亮
20211023,31,12,5,3,45,神奈川県,A級2班,１　　車身,10.6,,,,3,2,14669,植木　和広
20211023,31,12,6,4,29,東京都,A級1班,１／２車輪,10.3,,,,1,2,15251,柿本　大貴
20211023,31,12,7,1,28,栃木県,A級1班,３／４車身,10.5,,S,,1,1,15423,上川　直紀
20211023,37,1,1,5,,,,,10.2,捲くり,,,3,1,,相馬　竹伸
20211023,37,1,2,7,52,群馬県,A級3班,３／４車身,10.2,マーク,,,3,2,12498,赤石　　聡
20211023,37,1,3,3,,,,１／２車身,10.1,,,,3,3,,栗田　弘一
20211023,37,1,4,4,,,,２　　車身,10.1,,,,1,2,,清水　正人
20211023,37,1,5,2,,,,１／２車身,10.5,,,,2,2,,板羽　俊一
20211023,37,1,6,1,,,,１／４車輪,10.2,,S,,1,1,,武藤　貴志
20211023,37,1,7,6,,,,２　　車身,10.9,,,B,2,1,,桜井　宏樹
20211023,37,2,1,1,43,岩手県,A級3班,,10.7,捲くり,S,B,1,1,14643,菅原　洋輔
20211023,37,2,2,2,48,静岡県,A級3班,１／２車身,10.5,マーク,,,1,2,13324,市川　博章
20211023,37,2,3,5,47,神奈川県,A級3班,３／４車輪,10.4,,,,1,3,13770,宮下　　潤
20211023,37,2,4,3,,,,１車身１／２,10.5,,,,2,2,,岩田　幸久
20211023,37,2,5,6,,,,１　　車身,10.5,,,,2,3,,茨木　基成
20211023,37,2,6,4,,,,１／８車輪,10.7,,,,2,1,,植木　貴志
20211023,37,2,7,7,,,,２　　車身,10.7,,,,3,1,,井上　達雄
20211023,37,3,1,2,30,茨城県,S級1班,,10.4,逃げ,,B,2,1,15517,橋本　壮史
20211023,37,3,2,1,27,神奈川県,S級2班,１／４車輪,10.2,捲くり,,,1,1,15529,塚本　瑠羽
20211023,37,3,3,6,47,宮城県,A級3班,２　　車身,9.9,,,,3,2,13525,亀井　道佳
20211023,37,3,4,7,41,青森県,A級3班,１　　車身,9.9,,,,3,3,14349,佐藤　純嘉
20211023,37,3,5,5,35,山形県,A級3班,１／４車輪,10.2,,,,3,1,15158,猪野　泰介
20211023,37,3,6,4,47,静岡県,A級2班,１／８車輪,10.4,,,,1,2,13327,高橋　健太
20211023,37,3,7,3,48,埼玉県,A級3班,３／４車輪,10.6,,,,2,2,13680,木村　健司
20211023,37,4,1,1,30,福島県,A級1班,,10.6,逃げ,,B,1,1,15513,菊池　　翔
20211023,37,4,2,2,,,,１／２車身,10.5,マーク,,,1,2,,小酒　大司
20211023,37,4,3,5,34,福島県,A級3班,１／２車輪,10.4,,,,1,3,14650,佐藤　裕輝
20211023,37,4,4,6,43,宮城県,A級3班,１　　車身,10.4,,,,1,4,14128,嶋貫　高大
20211023,37,4,5,7,39,宮城県,A級3班,３／４車身,10.4,,,,1,5,14433,長田　彰人
20211023,37,4,6,3,41,静岡県,A級3班,３／４車身,10.3,,,,2,2,14529,片山　大輔
20211023,37,4,7,4,,,,大差,,,,,2,1,,黒川　将俊
20211023,37,5,1,3,,,,,9.9,逃げ,S,B,1,1,,安達　隆己
20211023,37,5,2,1,40,宮城県,A級1班,１／２車身,9.8,マーク,,,1,2,14281,寺林　正秋
20211023,37,5,3,2,43,宮城県,A級2班,２　　車身,9.8,,,,1,3,13988,阿部　英光
20211023,37,5,4,6,51,奈良県,A級3班,６　　車身,10.3,,,,2,2,13211,河元　　茂
20211023,37,5,5,4,47,奈良県,A級3班,１／２車身,10.4,,,,2,1,13728,伊狩　知人
20211023,37,5,6,5,,,,６　　車身,10.5,,,,3,1,,出口　眞浩
20211023,37,5,失,7,,,,,,,,,4,1,,山本　晋平
20211023,37,6,1,5,55,愛知県,A級2班,,10.3,捲くり,,,2,1,12206,白井　一機
20211023,37,6,2,1,49,青森県,A級2班,３／４車身,10.4,差し,S,,1,2,13382,成田　直喜
20211023,37,6,3,3,53,岩手県,A級2班,３／４車身,10.4,,,,1,3,13086,坂本　　毅
20211023,37,6,4,4,40,北海道,A級3班,３／４車身,10.6,,,B,1,1,14987,門馬　琢麿
20211023,37,6,5,2,49,栃木県,A級2班,１／２車輪,10.2,,,,3,2,13314,鈴木　宏章
20211023,37,6,6,7,,,,１／２車身,10.5,,,,3,3,,鈴木　秀明
20211023,37,6,7,6,37,埼玉県,A級3班,大差,,,,,3,1,14810,小川　辰徳
20211023,37,7,1,1,41,愛知県,A級1班,,10.4,差し,,,1,2,13950,松山　桂輔
20211023,37,7,2,5,39,茨城県,A級1班,３／４車輪,10.4,差し,,,2,2,14364,野間　　司
20211023,37,7,3,2,44,長野県,A級1班,１／４車輪,10.4,,,,2,1,14665,小峰　　烈
20211023,37,7,4,4,26,静岡県,A級1班,１車身１／２,10.8,,S,B,3,1,15442,仁藤　　秀
20211023,37,7,5,7,39,北海道,A級3班,１／２車輪,10.4,,,,3,3,14437,玉木　英典
20211023,37,7,6,3,33,愛知県,A級1班,１　　車身,10.9,,,,1,1,15446,林　　敬宏
20211023,37,7,7,6,40,千葉県,A級2班,７　　車身,11.4,,,,3,2,14816,齋藤　宗徳
20211023,37,8,1,3,31,石川県,A級1班,,9.9,捲くり,,,1,1,15102,奥出　　良
20211023,37,8,2,2,26,静岡県,S級2班,１　　車身,10.2,捲くり,,,2,1,15354,齋木　翔多
20211023,37,8,3,4,38,京都府,A級2班,１／２車輪,9.9,,,,1,2,14316,山崎　光展
20211023,37,8,4,6,42,新潟県,A級2班,３　　車身,10.3,,S,,3,3,14155,佐藤　政利
20211023,37,8,5,1,35,千葉県,A級1班,３／４車身,10.4,,,,2,2,14740,須藤　　悟
20211023,37,8,6,7,,,,４　　車身,10.9,,,,3,2,,川上　真吾
20211023,37,8,7,5,36,埼玉県,A級3班,１／２車輪,11.1,,,B,3,1,14992,楠野　史尭
20211023,37,9,1,1,24,静岡県,S級2班,,10.3,逃げ,,B,1,1,15440,長田　龍拳
20211023,37,9,2,2,42,神奈川県,S級2班,１／４車輪,10.2,マーク,S,,1,2,14993,副島　和人
20211023,37,9,3,3,51,茨城県,A級2班,１車身１／２,10.2,,,,2,2,12634,大薗　　宏
20211023,37,9,4,6,54,千葉県,A級2班,１／４車輪,10.3,,,,1,3,12431,會田　正一
20211023,37,9,5,4,49,京都府,A級1班,１車身１／２,10.2,,,,3,1,13204,佐野　梅一
20211023,37,9,6,7,47,石川県,A級2班,２　　車身,10.2,,,,3,2,13273,西　　　徹
20211023,37,9,7,5,40,埼玉県,A級1班,大差,,,,,2,1,14732,和田　禎嗣
20211023,47,1,1,2,,,,,12.6,逃げ,,B,5,1,,亀川　史華
20211023,47,1,2,3,30,熊本県,L級1班,３／４車輪,12.6,マーク,,,1,1,15504,西島　叶子
20211023,47,1,3,1,24,愛知県,L級1班,１　　車輪,12.6,,,,3,1,15490,杉浦　菜留
20211023,47,1,4,6,30,愛媛県,L級1班,３／４車身,12.3,,,,2,1,15079,日野　友葵
20211023,47,1,5,4,27,三重県,L級1班,３／４車輪,12.6,,,,4,1,15310,川嶋　百香
20211023,47,1,6,5,29,奈良県,L級1班,１車身１／２,12.7,,,,6,1,15076,元砂七夕美
20211023,47,1,7,7,,,,大差,14.6,,,,7,1,,堀井　美咲
20211023,47,2,1,1,32,山口県,L級1班,,12.4,逃げ,,B,3,1,14974,山原さくら
20211023,47,2,2,3,24,三重県,L級1班,１／２車輪,12.2,マーク,,,1,1,15586,太田　瑛美
20211023,47,2,3,2,34,宮崎県,L級1班,４　　車身,12.2,,,,4,1,15320,那須　萌美
20211023,47,2,4,4,24,和歌山県,L級1班,２　　車身,12.5,,,,2,1,15496,布居　　光
20211023,47,2,5,5,,,,６　　車身,12.8,,,,5,1,,宮安　利紗
20211023,47,2,6,6,28,長崎県,L級1班,３／４車身,12.8,,,,6,1,15407,出口　倫子
20211023,47,2,7,7,,,,大差,15.1,,,,7,1,,岩原紗也香
20211023,47,3,1,1,32,愛媛県,A級2班,,12.9,逃げ,,B,2,1,15126,高山　雄丞
20211023,47,3,2,3,52,高知県,A級3班,１　　車身,12.9,マーク,,,2,2,12542,森下　忠夫
20211023,47,3,3,5,,,,１　　車身,12.8,,S,,1,2,,田島　浩二
20211023,47,3,4,2,38,岡山県,A級1班,微差,12.9,,,,2,3,14321,石坂　永伍
20211023,47,3,5,4,,,,大差,14.2,,,,1,1,,山田二三補
20211023,47,4,1,1,34,徳島県,A級1班,,12.3,逃げ,S,B,1,1,14684,松本　卓也
20211023,47,4,2,2,38,徳島県,A級2班,１／２車身,12.2,マーク,,,1,2,14328,藤田　洋平
20211023,47,4,3,4,,,,１／４車輪,12.1,,,,1,3,,板橋　常晶
20211023,47,4,4,5,43,大分県,A級2班,１／２車身,11.8,,,,2,2,13817,吉川　裕二
20211023,47,4,5,3,46,長崎県,A級3班,タイヤ差,12.0,,,,2,1,14782,山口幸太郎
20211023,47,4,6,6,36,熊本県,A級3班,１　　車身,11.8,,,,3,1,14853,中山敬太郎
20211023,47,5,1,4,46,福岡県,A級1班,,12.2,差し,,,2,2,13810,良永　浩一
20211023,47,5,2,3,50,岡山県,A級2班,１／２車身,11.9,差し,,,1,3,13056,山本　貴章
20211023,47,5,3,5,40,大分県,A級2班,１／２車輪,12.2,,,,2,3,14418,安部　龍文
20211023,47,5,4,2,31,福岡県,A級3班,１／２車身,12.4,,,B,2,1,15471,中村　翔平
20211023,47,5,5,1,55,広島県,A級2班,３／４車身,12.1,,,,1,2,12760,櫻井　宏智
20211023,47,5,6,6,48,和歌山県,A級2班,１／２車輪,12.0,,,,3,1,13794,川西　亮介
20211023,47,5,7,7,49,広島県,A級2班,６　　車身,12.7,,,,1,1,13434,石黒　　健
20211023,47,6,1,1,44,愛知県,A級1班,,12.8,差し,,,1,2,14594,太田　剛司
20211023,47,6,2,4,49,福岡県,A級3班,１／２車輪,12.7,マーク,,,1,3,13366,加藤　昌平
20211023,47,6,3,7,53,熊本県,A級3班,１／２車輪,12.6,,,,1,4,13075,平　　総一
20211023,47,6,4,5,41,長崎県,A級2班,３／４車輪,12.5,,,,2,1,14781,船倉　卓郎
20211023,47,6,5,3,29,岐阜県,A級2班,３／４車身,13.2,,,B,1,1,15357,藤井　稜也
20211023,47,6,6,2,46,徳島県,A級3班,１車身１／２,12.6,,,,3,2,13591,山本　宏明
20211023,47,6,7,6,46,愛媛県,A級3班,大差,15.6,,S,,3,1,14413,松本　充生
20211023,47,7,1,6,44,兵庫県,A級2班,,11.9,差し,,,1,2,14102,篠塚　光一
20211023,47,7,2,1,28,三重県,A級1班,１　　車輪,12.1,捲くり,S,,2,1,15178,伊藤　稔真
20211023,47,7,3,3,45,岡山県,A級1班,タイヤ差,12.0,,,,3,2,13883,高津　晃治
20211023,47,7,4,5,27,京都府,S級2班,１車身１／２,12.2,,,,1,1,15456,安藤　直希
20211023,47,7,5,4,45,岐阜県,S級2班,１／２車輪,12.0,,,,2,2,14600,山田　祥明
20211023,47,7,6,7,32,熊本県,A級2班,１　　車身,12.0,,,,4,1,15214,境　　啓亨
20211023,47,7,7,2,33,徳島県,S級2班,４　　車身,12.8,,,B,3,1,15285,久樹　克門
20211023,47,8,1,4,28,三重県,S級2班,,11.4,差し,,,2,1,15180,下岡　将也
20211023,47,8,2,3,37,福井県,S級2班,３／４車身,11.8,差し,,,1,2,14475,高間　悠平
20211023,47,8,3,2,29,和歌山県,S級2班,１／２車輪,11.9,,,B,1,1,15458,貴志　修己
20211023,47,8,4,1,33,岐阜県,S級2班,１／２車輪,11.4,,,,2,2,14830,大洞　翔平
20211023,47,8,5,6,47,福岡県,A級3班,１／８車輪,11.7,,,,3,1,13594,高田　真幸
20211023,47,8,6,5,44,福岡県,A級1班,１／２車身,11.6,,S,,3,2,14115,原田　　礼
20211023,47,8,7,7,48,岡山県,A級2班,９　　車身,12.4,,,,4,1,14320,在本　直樹
20211023,47,9,1,1,33,兵庫県,S級1班,,11.8,捲くり,,,2,1,15116,池野　健太
20211023,47,9,2,2,42,愛媛県,A級1班,４　　車身,12.1,差し,,,1,2,14037,橋本　勝弘
20211023,47,9,3,6,46,徳島県,A級3班,１／２車身,12.1,,,,1,3,13964,高田　大輔
20211023,47,9,3,6,35,岡山県,A級2班,１／２車身,12.1,,,,1,3,14693,高田　大輔
20211023,47,9,4,4,48,熊本県,A級2班,３／４車身,11.8,,,,3,2,13520,高木　竜司
20211023,47,9,5,5,33,愛媛県,A級1班,３／４車身,12.5,,,B,1,1,14851,横内　裕人
20211023,47,9,6,3,31,長崎県,S級2班,３／４車身,12.1,,,,3,1,15067,瀬戸　晋作
20211023,47,9,7,7,36,福井県,A級2班,２　　車身,12.4,,,,2,2,14755,奥出健士郎
20211023,75,1,1,1,33,長崎県,A級3班,,12.3,逃げ,,B,1,1,14957,永田　秀佑
20211023,75,1,2,5,,,,３／４車輪,12.3,マーク,,,1,2,,中塚　記生
20211023,75,1,3,4,57,福岡県,A級3班,３／４車身,12.3,,,,1,3,11655,安藤　雄一
20211023,75,1,4,3,,,,１　　車身,12.2,,,,3,1,,佐古　雅俊
20211023,75,1,5,6,,,,６　　車身,12.5,,,,4,1,,和田　誠吾
20211023,75,1,6,2,44,香川県,A級3班,３／４車身,12.8,,,,2,1,13802,大林　亮介
20211023,75,2,1,1,39,兵庫県,A級3班,,12.7,差し,,,1,2,14483,竜門　孝宗
20211023,75,2,2,4,46,富山県,A級3班,１／２車輪,12.8,逃げ,,B,1,1,14395,竹田　慎一
20211023,75,2,3,5,,,,３／４車身,12.6,,,,1,3,,岡田　　篤
20211023,75,2,4,2,38,福岡県,A級2班,３　　車身,12.7,,,,2,1,14686,秋永　昂人
20211023,75,2,5,3,60,沖縄県,A級3班,３／４車輪,12.5,,,,2,2,11328,川添　輝彦
20211023,75,2,欠,6,,,,,,,,,,,,原　　敬次
20211023,75,3,1,4,27,福岡県,A級2班,,12.8,逃げ,,B,1,1,15557,梶原　大地
20211023,75,3,2,7,39,岡山県,A級3班,１車身１／２,12.5,差し,,,2,2,14550,龍門慎太郎
20211023,75,3,3,3,52,高知県,A級2班,１　　車輪,12.9,,,,4,2,13063,赤松　秀展
20211023,75,3,4,1,40,長崎県,A級2班,１／２車身,12.8,,S,,1,2,14342,南部　亮太
20211023,75,3,5,5,46,岡山県,A級3班,３／４車身,13.0,,,,3,1,13492,坂本　智哉
20211023,75,3,6,2,45,広島県,A級3班,１／２車輪,12.9,,,,2,1,14618,兵動　秀治
20211023,75,3,7,6,,,,大差,,,,,4,1,,川島　聖隆
20211023,75,4,1,1,33,岡山県,A級1班,,12.1,捲くり,,,1,1,15547,米嶋　恵介
20211023,75,4,2,2,31,福岡県,A級1班,３　　車身,12.5,逃げ,,B,2,1,15561,原井　剣也
20211023,75,4,3,4,45,石川県,A級3班,１／２車輪,12.3,,,,3,1,14832,宮西　　翼
20211023,75,4,4,3,,,,２　　車身,12.5,,S,,3,2,,中畑　利英
20211023,75,4,5,7,,,,１　　車身,12.8,,,,2,2,,礒田　義則
20211023,75,4,6,5,48,愛媛県,A級3班,３／４車身,12.7,,,,1,2,13509,明星　晴道
20211023,75,4,7,6,,,,１／２車身,12.4,,,,4,1,,久保田奉文
20211023,75,5,1,1,22,愛媛県,A級1班,,13.4,逃げ,,B,1,1,15555,林　　昌幸
20211023,75,5,2,5,54,大阪府,A級3班,３／４車身,13.1,差し,,,2,2,12444,垣外中勝哉
20211023,75,5,3,4,,,,１　　車身,13.1,,,,1,2,,菊池　崇史
20211023,75,5,4,2,36,兵庫県,A級2班,１　　車輪,13.4,,,,2,1,15190,大中　拓磨
20211023,75,5,5,7,,,,３　　車身,13.3,,,,1,3,,内村　哲也
20211023,75,5,6,6,41,福岡県,A級2班,１　　車身,13.2,,,,3,1,14042,徳吉　正治
20211023,75,5,7,3,,,,１　　車身,13.2,,,,3,2,,江口　晃正
20211023,75,6,1,4,33,長崎県,A級2班,,13.3,逃げ,,B,4,1,15238,井寺　亮太
20211023,75,6,2,1,42,愛知県,S級2班,３／４車輪,13.2,マーク,,,1,1,14145,篠原　　忍
20211023,75,6,3,2,38,福岡県,A級2班,１　　車身,13.3,,,,4,2,14489,高鍋　邦彰
20211023,75,6,4,3,52,熊本県,A級3班,３／４車輪,13.1,,,,4,4,12776,下田　和美
20211023,75,6,5,5,57,福井県,A級3班,３／４車輪,13.2,,,,2,1,11821,中川　博文
20211023,75,6,6,7,38,福岡県,A級1班,１／４車輪,13.2,,,,4,3,14336,八尋　翔平
20211023,75,6,7,6,,,,１車身１／２,13.1,,,,3,1,,大松　純二
20211023,75,7,1,1,49,長崎県,A級2班,,12.8,差し,,,1,3,13371,足達　重満
20211023,75,7,2,5,,,,３／４車輪,12.9,差し,S,,1,2,,大久保　聡
20211023,75,7,3,4,27,沖縄県,A級3班,１／２車輪,13.0,,,B,1,1,15300,ラモスレオ
20211023,75,7,4,7,42,長崎県,A級2班,１／４車輪,12.7,,,,1,4,14048,川島　　勝
20211023,75,7,5,2,58,高知県,A級3班,３／４車身,12.9,,,,2,1,11733,中村　秀幸
20211023,75,7,6,6,56,岡山県,A級3班,３／４車身,12.8,,,,2,2,12124,長谷　隆志
20211023,75,7,7,3,56,三重県,A級2班,１／４車輪,12.7,,,,3,1,12287,西川　弘資
20211023,75,8,1,1,,,,,12.7,逃げ,,B,1,1,,中尾　　翔
20211023,75,8,2,4,44,徳島県,A級2班,１／２車輪,12.5,マーク,,,1,2,13739,石山　直哉
20211023,75,8,3,6,51,香川県,A級2班,３／４車輪,12.5,,,,1,3,13359,吉田　彰久
20211023,75,8,4,7,50,福岡県,A級2班,１／２車身,12.4,,,,3,1,13069,白川　有司
20211023,75,8,5,3,57,福岡県,A級3班,１　　車身,12.4,,,,3,2,11741,澤亀　浩司
20211023,75,8,6,2,36,熊本県,A級2班,１／２車身,12.6,,,,2,1,14637,吉成　貴博
20211023,75,8,7,5,51,熊本県,A級2班,１／８車輪,12.5,,,,2,2,12779,田川　辰二
20211023,75,9,1,5,38,大阪府,S級2班,,11.4,差し,,,2,2,15123,清水　一幸
20211023,75,9,2,2,29,高知県,S級2班,３／４車身,11.6,捲くり,,,2,1,15198,今村麟太郎
20211023,75,9,3,4,45,三重県,A級1班,３／４車身,11.6,,,,3,2,13640,西村　　豊
20211023,75,9,4,7,42,福岡県,A級1班,１／２車身,11.6,,,,1,1,14043,中園　和剛
20211023,75,9,5,3,25,大阪府,S級1班,１　　車身,11.9,,,B,3,1,15460,仲野　結音
20211023,75,9,6,6,51,福岡県,A級3班,３　　車身,11.9,,,,1,2,12847,古閑　良介
20211023,75,9,欠,1,29,長崎県,S級2班,,,,,,,,15386,阪本　和也
20211023,75,10,1,1,39,富山県,S級2班,,11.4,差し,S,,1,1,14473,重倉　高史
20211023,75,10,2,4,25,徳島県,S級1班,１／４車輪,11.5,逃げ,,B,3,1,15466,久田　裕也
20211023,75,10,3,5,48,京都府,A級1班,２　　車身,11.5,,,,1,2,13580,河村　章憲
20211023,75,10,4,3,43,鹿児島県,A級1班,１／２車身,11.4,,,,3,3,13824,上吹越直樹
20211023,75,10,5,6,43,佐賀県,A級2班,６　　車身,11.8,,,,2,1,14046,秋山　貴宏
20211023,75,10,6,7,31,広島県,A級1班,１／２車輪,11.6,,,,4,1,15194,船瀬　惇平
20211023,75,10,7,2,41,愛媛県,S級2班,３／４車身,12.1,,,,3,2,14331,栗田　貴徳
20211023,75,11,1,5,33,和歌山県,S級2班,,12.7,逃げ,S,B,3,1,15365,古賀　勝大
20211023,75,11,2,1,31,岡山県,S級2班,１　　車輪,12.6,マーク,,,1,1,15202,今野　大輔
20211023,75,11,3,4,59,愛媛県,A級3班,１　　車身,12.6,,,,1,2,11431,梶應　弘樹
20211023,75,11,4,7,42,愛知県,S級2班,１車身１／２,12.7,,,,2,1,14026,高橋　成英
20211023,75,11,5,3,38,京都府,A級1班,１／２車輪,12.6,,,,3,2,14314,中川　繁樹
20211023,75,11,6,2,35,三重県,A級2班,１　　車輪,12.5,,,,2,2,14828,川口　聖翔
20211023,75,11,7,6,35,岡山県,S級2班,３／４車輪,13.0,,,,4,1,14881,山崎　泰己
20211023,84,1,1,7,55,熊本県,A級3班,,12.4,差し,,,1,2,12154,西島　貢司
20211023,84,1,2,5,33,熊本県,A級3班,１／４車輪,12.6,逃げ,,B,1,1,15478,田　　典幸
20211023,84,1,3,1,36,佐賀県,A級2班,１　　車輪,12.3,,,,1,3,14625,藤野　貴章
20211023,84,1,4,3,,,,３／４車身,12.3,,,,1,4,,川崎　正安
20211023,84,1,5,4,,,,２　　車身,12.3,,,,3,1,,藤田　享市
20211023,84,1,6,6,,,,大差,15.4,,,,4,1,,田村　英輝
20211023,84,1,欠,2,,,,,,,,,2,1,,妹尾　英信
20211023,84,2,1,3,29,岡山県,A級2班,,12.2,逃げ,,B,2,1,15372,野上　竜太
20211023,84,2,2,2,,,,大差,12.6,差し,,,1,2,,宮原　英司
20211023,84,2,3,4,38,長崎県,A級3班,１／４車輪,12.8,,,,1,1,14559,田山　　誠
20211023,84,2,4,6,,,,１車身１／２,12.7,,,,3,1,,森山　昌昭
20211023,84,2,5,5,,,,１　　車身,12.8,,,,1,3,,重富　公輔
20211023,84,2,6,7,48,山口県,A級3班,１／２車輪,12.7,,S,,2,2,14324,内村　竜也
20211023,84,2,7,1,,,,１車身１／２,13.1,,,,2,3,,松井　英幸
20211023,84,3,1,1,39,岡山県,A級2班,,12.4,逃げ,,B,1,1,14407,森　　佑樹
20211023,84,3,2,2,36,兵庫県,A級3班,３　　車身,12.1,捲くり,,,2,1,14678,樋口有樹郎
20211023,84,3,3,5,53,愛媛県,A級3班,１／２車身,12.2,,,,3,2,12701,升澤　祥晃
20211023,84,3,4,3,27,福岡県,A級2班,２　　車身,12.5,,S,,3,1,15558,川野　　深
20211023,84,3,5,7,,,,１／２車身,12.2,,,,1,3,,福田　　博
20211023,84,3,6,6,48,大阪府,A級3班,５　　車身,12.6,,,,2,2,13795,井上　将志
20211023,84,3,6,6,38,福岡県,A級2班,５　　車身,12.6,,,,2,2,14687,井上　将志
20211023,84,3,6,6,40,兵庫県,A級3班,５　　車身,12.6,,,,2,2,14841,井上　将志
20211023,84,3,7,4,61,山口県,A級3班,１／２車身,12.6,,,,1,2,10920,村上　清隆
20211023,84,4,1,5,27,福岡県,A級1班,,12.6,差し,,,2,1,15556,上野　恭哉
20211023,84,4,2,2,42,大阪府,A級3班,２　　車身,13.1,逃げ,,B,4,1,14101,永橋　武司
20211023,84,4,3,3,,,,１／２車輪,12.5,,,,1,2,,後藤　浩二
20211023,84,4,4,6,50,福井県,A級3班,１／２車輪,12.8,,,,4,2,12905,長澤　和光
20211023,84,4,5,1,43,鹿児島県,A級2班,１／４車輪,12.1,,S,,2,2,13974,大竹野裕樹
20211023,84,4,6,7,,,,３／４車身,12.5,,,,3,1,,工　　正信
20211023,84,4,7,4,29,高知県,A級2班,１車身１／２,13.0,,,,1,1,15287,山中　崇弘
20211023,84,5,1,2,38,佐賀県,A級2班,,12.0,差し,,,2,2,14133,高橋　紀史
20211023,84,5,2,4,38,大分県,A級2班,３／４車輪,12.2,逃げ,,B,2,1,14561,高橋　義秋
20211023,84,5,3,3,27,高知県,A級3班,３　　車身,12.0,,,,1,1,15286,土居　佑次
20211023,84,5,4,1,48,徳島県,A級3班,１／２車身,12.0,,,,1,2,13505,住村　　実
20211023,84,5,5,5,44,岡山県,A級3班,３／４車身,12.0,,,,1,3,14034,鳥丸　晃順
20211023,84,6,1,4,49,愛知県,A級1班,,12.5,差し,,,1,2,13041,三浦　稔希
20211023,84,6,2,1,51,大阪府,A級3班,１　　車輪,12.4,マーク,,,1,3,13128,梶原　秀庸
20211023,84,6,3,2,28,愛媛県,S級2班,３／４車身,12.9,,,B,2,1,15468,和泉　尚吾
20211023,84,6,4,6,,,,３／４車輪,12.2,,,,2,3,,大田　啓介
20211023,84,6,5,3,42,愛知県,A級3班,３／４車身,12.8,,,,1,1,14171,深見　仁哉
20211023,84,6,6,5,53,愛媛県,A級2班,２　　車身,12.7,,,,2,2,12389,岡崎　昭次
20211023,84,7,1,3,32,大阪府,A級2班,,12.6,逃げ,,B,3,1,15273,中武三四郎
20211023,84,7,2,5,44,山口県,A級1班,１　　車身,12.4,差し,,,1,2,14185,隅　　貴史
20211023,84,7,3,2,42,徳島県,A級2班,３／４車輪,12.6,,S,,1,1,14261,作田　悦章
20211023,84,7,4,6,,,,１／２車身,12.4,,,,3,3,,一丸　安貴
20211023,84,7,5,1,61,鹿児島県,A級2班,３／４車身,12.3,,,,2,1,11451,重　　一徳
20211023,84,7,6,4,53,京都府,A級2班,大差,14.2,,,,3,2,12602,吉村　文隆
20211023,84,8,1,3,37,大分県,A級1班,,12.3,差し,,,3,2,14270,小原　将通
20211023,84,8,2,2,35,岡山県,A級1班,１　　車身,12.3,マーク,S,,2,2,14843,峰重祐之介
20211023,84,8,3,7,34,大分県,A級1班,１／２車輪,12.6,,,B,3,1,14783,魚屋　周成
20211023,84,8,4,5,44,福岡県,A級2班,１／２車身,12.2,,,,1,2,13892,梶山裕次郎
20211023,84,8,5,6,55,岡山県,A級2班,１／２車身,12.1,,,,2,3,12128,山根　泰道
20211023,84,8,6,4,33,愛知県,A級2班,３／４車身,12.1,,,,2,1,14829,桜井　雄太
20211023,84,8,7,1,35,福岡県,A級1班,３　　車身,12.7,,,,1,1,14601,小竹　洋平
20211023,84,9,1,7,34,奈良県,A級1班,,12.2,差し,,,3,1,15005,野口　正則
20211023,84,9,2,4,31,岡山県,S級2班,３／４車輪,12.6,逃げ,,B,1,1,15191,奥村　諭志
20211023,84,9,3,1,49,広島県,A級1班,タイヤ差,12.4,,,,1,2,13435,中石　昌芳
20211023,84,9,4,3,46,京都府,A級1班,微差,12.1,,,,3,2,14315,西谷　岳文
20211023,84,9,5,5,55,福岡県,A級2班,２　　車身,12.2,,,,2,3,12248,中井　大介
20211023,84,9,6,2,43,福岡県,A級2班,１車身１／２,12.1,,S,,2,2,13893,片山　直人
20211023,84,9,7,6,31,長崎県,A級3班,大差,14.0,,,,2,1,15210,白濱　一平
20211023,84,10,1,5,33,香川県,A級1班,,12.0,捲くり,,,1,1,14885,戸田　康平
20211023,84,10,2,3,26,奈良県,S級2班,２　　車身,12.3,逃げ,,B,3,1,15363,田中　大我
20211023,84,10,3,1,51,山口県,A級1班,３／４車身,12.0,,,,1,2,12763,内村　泰三
20211023,84,10,4,7,59,奈良県,A級3班,３／４車輪,12.3,,,,3,2,11519,大井　啓世
20211023,84,10,5,2,47,福岡県,A級2班,３／４車身,12.3,,,,2,2,14416,矢田　　晋
20211023,84,10,6,6,29,佐賀県,A級2班,１／２車輪,12.4,,,,2,1,15290,真崎　章徳
20211023,84,10,7,4,45,宮崎県,S級2班,１　　車輪,12.1,,,,2,3,13667,田中　洋輔
20211023,84,11,1,1,23,広島県,A級2班,,11.7,逃げ,,B,1,1,15548,白井優太朗
20211023,84,11,2,3,28,大分県,A級1班,１車身１／２,11.8,マーク,,,4,1,15564,高橋綜一郎
20211023,84,11,3,5,51,岡山県,A級3班,３／４車身,11.8,,,,1,2,12906,太田　良政
20211023,84,11,4,6,58,鹿児島県,A級3班,１　　車身,11.7,,,,4,2,12157,竹野　行登
20211023,84,11,5,4,51,徳島県,A級3班,１／４車輪,11.7,,,,3,1,12986,近藤　直幹
20211023,84,11,6,2,23,愛知県,A級1班,１／２車身,11.7,,,,2,1,15532,石田　拓真
20211023,84,11,7,7,42,愛知県,A級2班,１　　車身,11.7,,,,2,2,14596,中村　賢二
20211023,84,12,1,5,34,佐賀県,A級3班,,11.5,差し,,,1,2,14707,飯塚　直人
20211023,84,12,2,2,42,広島県,A級1班,１／２車身,11.8,捲くり,S,,1,1,13868,岡崎　景介
20211023,84,12,3,7,51,長崎県,A級1班,１　　車輪,11.5,,,,1,3,13298,井手　　健
20211023,84,12,4,1,37,熊本県,S級2班,１車身１／２,11.5,,,,2,1,14634,寺崎　祐樹
20211023,84,12,5,3,44,愛知県,A級1班,１　　車身,11.9,,,,3,1,13862,鈴木　伸之
20211023,84,12,6,4,48,福岡県,A級2班,３／４車身,12.1,,,,4,2,13660,徳吉　広紀
20211023,84,12,7,6,37,福岡県,A級2班,２　　車身,12.5,,,B,4,1,14415,楢原　由将
